step,epoch,epoch_step,loss,learn_rate
500,499,0,0.2067333,0.004
1000,999,0,0.1231094,0.004
1500,1499,0,0.1594355,0.004
